text,label,baseline_prediction,correct
Iverson combined high scoring with middling efficiency and weak defense.,evidence_based_analysis,reasoned_opinion,False
"Fox handled the ball well, but the eye test showed poor shot-making.",evidence_based_analysis,reasoned_opinion,False
Carmelo only advanced past the first round twice in his career.,evidence_based_analysis,unsupported_take,False
"Their fearless style helped earlier, but backfired under late-game pressure.",evidence_based_analysis,reasoned_opinion,False
Reggie being called overrated proves nobody here is older than fifteen.,unsupported_take,unsupported_take,True
Charles is cooking right now.,game_reaction,game_reaction,True
Lillard appears to value staying in Portland more than maximizing legacy points.,reasoned_opinion,reasoned_opinion,True
LeBron leaving Cleveland became understandable because the organization gave him little support.,reasoned_opinion,reasoned_opinion,True
I am nearing the brink.,game_reaction,game_reaction,True
The league's global reach and scouting are much stronger now than in past eras.,evidence_based_analysis,reasoned_opinion,False
"The point of rankings is conversation, not producing an objective final answer.",reasoned_opinion,reasoned_opinion,True
"Rings, Erneh.",unsupported_take,unsupported_take,True
Tyrese is three wins away from passing Chris Paul. Incredible.,game_reaction,unsupported_take,False
It is easier to stay loyal to a great organization than a poorly run one.,reasoned_opinion,reasoned_opinion,True
Carmelo is talked about like a legend despite limited playoff success.,unsupported_take,unsupported_take,True
Reggie averaged 24/3/3 on 46/41/89 across his first twelve playoff seasons.,evidence_based_analysis,evidence_based_analysis,True
Reggie might be the most overrated player ever.,unsupported_take,unsupported_take,True
San Antonio's inexperience showed through a series of costly turnovers.,evidence_based_analysis,reasoned_opinion,False
"GOAT arguments fail when people do not define peak, longevity, or championships.",evidence_based_analysis,reasoned_opinion,False
Tony Brothers is the best momentum swinger in the league.,unsupported_take,unsupported_take,True
Poor Chuck is missing out on the churros.,game_reaction,game_reaction,True
"Dame is not top thirty all time, so loyalty does not change that debate.",reasoned_opinion,unsupported_take,False
The game ended when the ball bounced off Wemby's leg.,game_reaction,game_reaction,True
That final mistake was a back-breaker.,game_reaction,game_reaction,True
The refs completely rigged this game.,game_reaction,unsupported_take,False
Being an elite three-point shooter for years should raise Reggie's historical standing.,reasoned_opinion,reasoned_opinion,True
The Knicks will steal Game One because they are hungrier.,unsupported_take,unsupported_take,True
The Pelicans should cut their losses instead of accepting four more years of bad management.,reasoned_opinion,reasoned_opinion,True
Anthony Edwards is clearly on a different level from Scottie Barnes.,unsupported_take,unsupported_take,True
Ant must be unhappy because ESPN says so.,unsupported_take,unsupported_take,True
